contributor_login,total_commits
JeffBezanson,8657
StefanKarpinski,4390
ViralBShah,3881
tkelman,3571
vtjnash,2653
svaksha,2650
timholy,2620
moxie0,2248
ablaom,1868
sylvaticus,1810
Keno,1569
vhf,1541
jiahao,1488
yuyichao,1216
stevengj,1136
IainNZ,992
attobot,954
andreasnoack,930
logankilpatrick,918
kshyatt,885
MichaelHatherly,876
nolta,867
josephmisiti,828
jakebolewski,828
staticfloat,804
jverzani,795
johnmyleswhite,775
quinnj,755
carlobaldassi,742
mlubin,711
lindahua,646
aviks,630
simonster,589
kmsquire,570
amitmurthy,542
mcginty,528
MikeInnes,504
KristofferC,453
mortenpi,421
simonbyrne,413
ihnorton,387
ChrisRackauckas,387
nalimilan,364
EssamWisam,337
tlienart,325
fredrikekre,317
dcjones,316
dmbates,313
mbauman,311
ararslan,310
MHM5000,301
Sacha0,285
powerdistribution,268
tanmaykm,260
garborg,260
isuruf,258
pao,253
omus,238
tonyhffong,238
greyson-signal,215
shashi,211
rfourquet,207
ivarne,196
malmaud,177
eschnett,176
maleadt,171
Libbum,154
rafaqz,153
wildart,152
joehuchette,150
WestleyArgentum,147
tshort,139
samoconnor,132
alexanderfefelov,131
montyvesselinov,126
IanButterworth,125
ScottPJones,124
musm,123
mkitti,117
hayd,114
mykelk,113
tbreloff,112
blakejohnson,110
SimonDanisch,109
pabloferz,106
esparta,106
josephmmisiti,105
nredell,105
andrioni,103
bicycle1885,103
carnaval,100
giordano,99
vchuravy,98
Evizero,98
andrewcooke,97
ranjanan,95
pfitzseb,94
sbromberger,93
jrevels,93
papamarkou,90
garrison,88
randyzwitch,88
ysimillides,87
HarlanH,86
dlfivefifty,84
sglyon,83
GeorgeXing,79
toivoh,78
milktrader,78
Jutho,77
dhoegh,74
juliohm,74
martinholters,72
agrajaghh,71
ericguirbal,69
dpsanders,68
TotalVerb,67
CarloLucibello,67
tawheeler,66
svilupp,64
davidavdav,61
mschauer,61
ssfrr,60
borgified,60
pkofod,59
dnackat,59
alyst,58
astrieanna,57
sjkelly,57
dfdx,57
waldyrious,55
alanedelman,54
rhodey,54
darenasc,53
Wilfred,51
diegozea,51
zsunberg,50
DilumAluthge,49
davidanthoff,45
PallHaraldsson,44
mkborregaard,44
elizavetasemenova,44
tknopp,43
felipenoris,43
kbarbary,43
FeuRenard,43
zingales,42
stefan-k,42
maieul,42
bjarthur,39
jayschwa,39
github-actions[bot],39
cascheberg,39
rened,38
mauro3,37
Ismael-VC,37
jheinen,37
tinybike,37
twadleigh,36
andyferris,36
brian-j-smith,36
goedman,36
zlatanvasovic,36
hshindo,36
iamed2,35
fredo-dedup,35
prcastro,34
xorJane,34
bkamins,34
oxinabox,34
joshday,34
cstjean,34
veeti,34
JIghtuse,34
catawbasam,33
doobwa,33
helgee,33
dirk,32
mzaffalon,32
juliangehring,32
fonsp,32
dancasimiro,31
dehann,31
mforets,31
danluu,30
unrulygnu,30
McLoo,30
luminousspice,30
magistere,29
cormullion,29
pluskid,29
bensadeghi,29
chezou,28
jcorbin,28
waTeim,28
wookay,28
blegat,28
chkwon,28
haffenloher,28
r9y9,27
wlbksy,27
visr,27
BenLauwens,27
rsrock,26
jdlangs,26
Luthaf,26
zot,26
wzchen,26
dysonance,26
ma-laforge,25
crayxt,24
c42f,24
rofinn,24
bramtayl,24
baggepinnen,24
lgautier,24
charlesll,24
vollmersj,24
sfchen,23
richardreeve,23
eshellman,23
mpastell,22
robertdj,22
RiseT,22
Mouseion,22
hslatman,21
iblislin,21
jdtuck,21
OkonSamuel,21
panlanfeng,20
quobit,20
sunxb10,20
goggle,20
GunnarFarneback,19
thofma,19
tkoolen,19
davidagold,19
matthieugomez,19
femtotrader,19
jwmerrill,19
oheil,19
thoughtbox,19
olugovoy,19
wavexx,18
mfasi,18
nanosec,18
barche,18
jlapeyre,18
cgroll,18
snotskie,18
phrb,18
zyedidia,18
madeleineudell,18
jipolanco,18
hoganlong,18
grogy,18
davisonio,18
stjepanjurekovic,17
lucasb-eyer,17
porterjamesj,17
daviddelaat,17
denizyuret,17
sam81,17
gummif,17
djsegal,17
Datseris,17
abhishalya,17
adambom,16
GlenHertz,16
burrowsa,16
zachallaun,16
alsam,16
yeesian,16
odow,16
caseykneale,16
corragon,16
johnnychen94,16
fabianlischka,15
vharavy,15
SaschaMann,15
swadey,15
kersulis,15
JeffreySarnoff,15
spurll,15
tpoisot,15
fhs,15
zenna,15
abeschneider,15
gragusa,15
tml,15
BlueKore,15
kleinschmidt,15
mbaz,14
lbollar,14
jaak-s,14
pygy,14
reworkhow,14
crbinz,14
tlnagy,14
jekbradbury,14
ajkl,13
fcard,13
nlhepler,13
svillemot,13
Aerlinger,13
jhasse,13
amellnik,13
jbn,13
haberdashPI,13
rdeits,13
jpfairbanks,13
jgpacker,13
rodrigo-medeiros,13
QiyaoWei,13
mweastwood,12
0asa,12
davidssmith,12
cjprybol,12
ahwillia,12
karanveerm,12
davidlizeng,12
benhamner,12
rohitvarkey,12
chakravala,12
meskio,12
ktkaushik,12
avelytchko,12
avinoth,12
ictxiangxin,12
jbranchaud,12
jpsamaroo,12
inkydragon,12
whart222,12
rickhg12hs,11
singam-sanjay,11
drepper,11
dcampbell24,11
jw3126,11
DrKrar,11
micahjsmith,11
meggart,11
ExpandingMan,11
jenkspt,11
jangevaare,11
s0,11
minsOne,11
levibostian,11
gabrielgomesferraz,11
DavidMetcalfe,11
dhamaniasad,11
plaindocs,11
StephenVavasis,10
dslate,10
anthonyclays,10
gdalle,10
mirestrepo,10
IshitaTakeshi,10
greenflash1357,10
bpostlethwaite,10
aaronstanton,10
bass3m,10
luchr,10
fairbrot,10
rgiordan,10
lcw,10
lruthotto,10
torque,10
ligurio,10
cpfiffer,10
azev77,10
ericphanson,10
floswald,10
Varal7,10
ipcenas,9
MatthiasJReisinger,9
mcprentiss,9
Gollor,9
ggggggggg,9
cbecker,9
chrisvwx,9
skariel,9
ahnlabb,9
vdayanand,9
4gh,9
jhlq,9
JockLawrie,9
emmt,9
mrxiaohe,9
timothyrenner,9
Tao-Hu,9
njwilson23,9
svs14,9
ylxdzsw,9
2-4601,9
nrizzio,9
onebree,9
gabriellim,9
cirosantilli,9
roding,9
paniash,9
ayush-1506,9
ayush1999,9
cogmission,8
spekulatius,8
rsofaer,8
nutsiepully,8
Elzair,8
peerst,8
goretkin,8
i2000s,8
abhijithch,8
asinghvi17,8
stemann,8
natj,8
pjabardo,8
wbhart,8
jzuhone,8
robertfeldt,8
wesbarnett,8
eraviart,8
samuelcolvin,8
AndreyKolev,8
jumutc,8
mguzmann,8
dpo,8
abelsiqueira,8
pranavtbhat,8
mfherbst,8
tinloaf,8
jonesnc,8
paulofreitas,8
petrushev,8
kathgironpe,8
Akhilan,8
knwang,8
darsnack,8
TheCedarPrince,8
jessebett,8
timema,8
NathanEpstein,7
basickarl,7
cmundi,7
justbur,7
wsliang,7
LachlanGunn,7
LOAS2,7
h-225,7
eleuven,7
calder,7
antonblanchard,7
NHDaly,7
tpapp,7
yomichi,7
zygmuntszpak,7
certik,7
ajkeller34,7
jguerber,7
danspielman,7
leclere,7
tedsteiner,7
sunetos,7
gusl,7
glesica,7
cecileane,7
anriseth,7
evanfields,7
oschulz,7
xiuliren,7
tmlbl,7
etotheipluspi,7
JackDunnNZ,7
roland-KA,7
ahumenberger,7
tkf,7
zebra-ok,7
eikowagenknecht,7
mrblueblue,7
leonardorifeli,7
lyza-shyrzai,7
NandoKstroNet,7
ngetchell,7
borislavib,7
anubhavshrimal,7
saaketp,7
DhairyaLGandhi,7
carstenbauer,7
dominusmi,7
PIYUSHSHARMA2001,6
ivigamberdiev,6
kpamnany,6
simonp0420,6
gpeairs,6
aiorla,6
tautologico,6
artkuo,6
dfannius,6
kumarkrishna,6
acroy,6
xhochy,6
DANA-Laboratory,6
gajomi,6
jtravs,6
pwl,6
sbos,6
yurivish,6
JuliaTagBot,6
Shushman,6
MaximeBouton,6
scheinerman,6
cyrusmaher,6
PhillP,6
gdziadkiewicz,6
simulkade,6
mlewe,6
ulfworsoe,6
dirkschumacher,6
danielcasimirosonos,6
ChrisTimperley,6
schmrlng,6
imanuelcostigan,6
belvedere-trading-user,6
sawcordwell,6
lendle,6
MikaelSlevinsky,6
jfsantos,6
heliosdrm,6
tmigot,6
michaelkonecny,6
Trolldemorted,6
cherryasphalt,6
greysonp,6
AsamK,6
backspace,6
passy,6
matysanchez,6
omarayad1,6
zhuowenli,6
sudoyu,6
openingnow,6
angerangel,6
merkuriy,6
GVolante,6
iammehrabalam,6
marios-zindilis,6
weakish,6
isvaldo,6
cmeraz,6
packtpartner,6
kanav99,6
ashokrol,6
yuehhua,6
gota-git,6
matbesancon,6
findmyway,6
ImgBotApp,6
eford,6
Ayush-iitkgp,6
AsForMe,6
jbrea,6
dreiss-isb,6
tribut,6
swenkel,6
bigsnarfdude,5
wenyangfu,5
LarryBattle,5
jwmueller,5
Jasonnor,5
benedekrozemberczki,5
elehcim,5
ypeels,5
brettcannon,5
zgimbutas,5
ginggs,5
darwindarak,5
katbusch,5
mariushoch,5
northbymidwest,5
nbaum,5
petercolberg,5
chiraganand,5
wsshin,5
mbeltagy,5
nkottary,5
samuelpowell,5
daanhb,5
hammer,5
GregPlowman,5
compressed,5
bfredl,5
abhijithanilkumar,5
ajdecon,5
AndyGreenwell,5
femtocleaner[bot],5
dourouc05,5
christopher-dG,5
mynameisjanus,5
4SAnalyticsnModelling,5
mkriele,5
andferrari,5
yarlett,5
GDPlumb,5
gp0,5
mdcfrancis,5
jstrube,5
JayKickliter,5
jerry-cai-chanjet,5
LaurenceA,5
laurentheirendt,5
MurrayT,5
bluesmoon,5
randy3k,5
rjagerman,5
tomasaschan,5
Stivanification,5
jgoldfar,5
thirumalakiran,5
GiggleLiu,5
gunjantitiya,5
wsot,5
joeykrim,5
aviatesk,5
vikt0rs,5
jwworth,5
Kristories,5
sebgod,5
mgaitan,5
thebouv,5
kareemkibue,5
chrisspruck,5
unsignedzero,5
fredericksilva,5
corburn,5
eclutsk,5
leonampd,5
mananshah99,5
manasij7479,5
MartinForReal,5
benelsen,5
gersonjferreira,5
ivanslapnicar,5
mohamed82008,5
miguelraz,5
rikhuijzer,5
navidcy,5
jamesmurdza,5
jvns,5
muhammadyaseen,4
dmey,4
Metnew,4
ProGamerGov,4
MaxHalford,4
jeff1evesque,4
JJ,4
Charismatron,4
brylie,4
ajmeese7,4
ClimbsRocks,4
mcognetta,4
ronisbr,4
samuela,4
sarvghotra,4
yledu,4
stevenhao,4
goelakash,4
dbeach24,4
gasagna,4
binnisb,4
btracey,4
avibryant,4
ArchRobison,4
dronir,4
Oddan,4
binarybana,4
jdrugo,4
JKrehl,4
iglpdc,4
fundamental,4
scw,4
bmharsha,4
haampie,4
joshbode,4
jrdegreeff,4
sorpaas,4
colintbowers,4
tiye,4
keesvp,4
kshramt,4
null-a,4
wongwill86,4
ccoffrin,4
c-s,4
rawrgrr,4
neveritt,4
marcusps,4
lwabeke,4
joshuamiller,4
joidegn,4
JoelHobson,4
lostella,4
bstellato,4
tk3369,4
jgreener64,4
gustafsson,4
YingboMa,4
ghmorrison,4
benalbrecht,4
abbas-gadhia,4
meetps,4
natehefner,4
kreativmonkey,4
TheSooth,4
virendrachandak,4
Misterhex,4
numb95,4
rickytaki,4
sahitya-pavurala,4
michaelchum,4
OpenCode,4
AlexKMDev,4
DeathMetalCoder,4
danielbayerlein,4
dlogvinenko,4
drewsmith,4
G-Square,4
gildo,4
gabraganca,4
gfvcastro,4
jay754,4
joaopedronardari,4
lluang,4
kimttfung,4
Vaibhavdixit02,4
soumitradev,4
piever,4
pakzy,4
lkuper,4
sambitdash,4
Krastanov,4
ahclaster,4
annainfo,4
hunterowens,4
sayantan1410,4
dalum,4
ranocha,4
ianfiske,4
guillaumeguy,4
kimikage,4
knuesel,4
ludoro,4
tqtg,3
pospielov,3
antz22,3
zackteo,3
terrytangyuan,3
williamFalcon,3
westurner,3
Vishu26,3
soumith,3
sebg,3
reachpranjal,3
omrimendels,3
nikolaydubina,3
mandar2812,3
emilecourthoud,3
dmcc,3
dmoisset,3
Asterisk14,3
gitfoxi,3
MichaeLeroy,3
pozorvlak,3
muratg,3
RichMorin,3
testurser,3
DrTodd13,3
wkearn,3
xanderdunn,3
cc7768,3
getzdan,3
m-j-w,3
blackswancoming,3
qbit,3
cicku,3
damiendr,3
despeset,3
grayclhn,3
Tetralux,3
hessammehr,3
markun,3
martenlienen,3
kevinbache,3
jballanc,3
kleinhenz,3
JonasRauch,3
jonasrauber,3
jey,3
jabl,3
jgrg,3
RhysU,3
stillyslalom,3
Michael-Klassen,3
stev47,3
fjarri,3
antoine-levitt,3
EQt,3
RainerHeintzmann,3
kellertuer,3
goerz,3
BoZenKhaa,3
lopezm94,3
KrisDM,3
molnarmark,3
markmo,3
mrtzh,3
saurvs,3
sbchisholm,3
latticetower,3
baruchel,3
andyreagan,3
ayakimovich,3
cortner,3
BigCrunsh,3
dahlend,3
jrising,3
jerryzhenleicai,3
jcrist,3
joa-quim,3
magonser,3
trappmartin,3
mfalt,3
ellisvalentiner,3
cdsousa,3
mammuth,3
rymdhund,3
SamWhited,3
pprucia,3
snaggen,3
3xo,3
13rac1,3
chr1shaefn3r,3
jlund,3
jlund-signal,3
kyleconroy,3
Nosferican,3
buo,3
ashlaya,3
XuankangLin,3
woliveiras,3
wbecher,3
thewhitetulip,3
cshubhamrao,3
dstftw,3
SentinelWarren,3
smtaydemir,3
todipratik,3
piotrek1543,3
0xCD,3
kirvv,3
pac37,3
rhysd,3
taiyoslime,3
luxiaoyou,3
alesegdia,3
mosampaio,3
dikiaap,3
sbojchuk,3
Sirithang,3
tiaanduplessis,3
vicziani,3
SamuraiT,3
khajavi,3
kiriappeee,3
alcole,3
ataliba,3
brunogirin,3
MoiRouhs,3
chanchal1987,3
alrra,3
drgarcia1986,3
gep13,3
gutierri,3
hongchangwu,3
jeanmatheussouto,3
petk,3
ptcodes,3
OffWorldApps,3
Nikalus,3
mikesjewett,3
TotemaT,3
gingerbeardman,3
mrmop,3
xamroc,3
joelhandwell,3
jdavis,3
kenmazaika,3
Kikobeats,3
lincolnbrito,3
tejank10,3
rajraomichigan,3
hsugawa8651,3
Carreau,3
ctrekker,3
carlomontec,3
AshtonSBradley,3
ababii,3
Uriegas,3
sadit,3
Hua-Zhou,3
jonathan-laurent,3
storopoli,3
maetshju,3
BERENZ,3
jkrumbiegel,3
briochemc,3
rCarto,3
johansigfrids,3
AlainLich,3
hyrodium,3
danielmatz,3
friggog,3
xiaodaigh,3
davnn,3
sherpan,2
bohemia420,2
talolard,2
TheDen,2
tbrambor,2
tsabsch,2
tonysilva,2
zeyiwen,2
ZoranPandovski,2
antinucleon,2
Ashtaq,2
avinsit123,2
carlafaraguna,2
shimondoodkin,2
shaswatsingh19,2
Shanky-21,2
sergioburdisso,2
bryant1410,2
Splat,2
romaup,2
rlouf,2
raamana,2
p-christ,2
trekhleb,2
MuhamadAzizi,2
chrisvnicholson,2
mwydmuch,2
LiYangHart,2
fukuball,2
gkogan,2
ifesdjeen,2
ynqa,2
viko123,2
sven1977,2
roziunicorn,2
raer6,2
jphall663,2
markjacksonfishing,2
mamadyonline,2
Lokeshrathi,2
ledell,2
janisz,2
igor-shevchenko,2
georgedouzas,2
fukatani,2
androm3da,2
dhilipsiva,2
cloudkj,2
chonglinsun,2
jmuskaan72,2
EricSchles,2
integrii,2
denissimon,2
PubliusAu,2
danielkurniadi,2
codingCapricorn,2
c-w,2
ChrisManess,2
chihming,2
Chetan8000,2
charlieg,2
cpmlreef,2
caleb-kaiser,2
brettwujek,2
BTROO,2
yubozhao,2
BennyWnj,2
AutoViML,2
gbaydin,2
aanis,2
Tyill,2
alexeygrigorev,2
sudachen,2
andrewhuynguyen,2
arbox,2
AmazaspShumik,2
nelson-liu,2
Mostafa-Samir,2
mattcunningham,2
nkconnor,2
simplypixi,2
githubyako,2
MariaBat,2
proycon,2
LilianBoulard,2
PetrovKP,2
justmarkham,2
mozinator,2
felipexw,2
SGauravDev,2
glebuk,2
guillaume-chevalier,2
gsaupin,2
gugarosa,2
jgreenemi,2
harshdhamecha,2
ivanistheone,2
jwkvam,2
JinhaiZ,2
JasonShin,2
engelen,2
Ayushk4,2
augbog,2
krislock,2
patrickyevsukov,2
thepulkitagarwal,2
rprechelt,2
SamChill,2
mcawte,2
lorrden,2
lbenitesanchez,2
lvirgili,2
yui-knk,2
mronian,2
matrixmorpheus,2
lifeissweetgood,2
felixrehren,2
ethomag,2
cameyo42,2
dovahcrow,2
slarew,2
stepelu,2
few,2
Sean1708,2
odysseus9672,2
lvnguyen,2
chuckha,2
notthetup,2
brendano,2
bkalpert,2
bnels,2
bdeonovic,2
Shade5,2
grinsted,2
apeyser,2
ajt60gaibb,2
alexhallam,2
larsmans,2
kvmanohar22,2
kk49,2
joachimdahl,2
gloine,2
ivirshup,2
HomerReid,2
nzmsv,2
fpepin,2
exaos,2
DanielRosenwasser,2
DanielArndt,2
jamesmaino,2
Sov-trotter,2
tallakt,2
fp4code,2
CarpeNecopinum,2
gustavojra,2
rhagenson,2
mrtkp9993,2
pitmonticone,2
simonschoelly,2
zsz00,2
bcuda-temp,2
ShikharJ,2
kunalsinx,2
saschatimme,2
Wikinaut,2
kaladivo,2
riyapenn-signal,2
junitas,2
heyimgay,2
char32,2
talhacohen,2
Stuie,2
nikwen,2
patheticpat,2
herbig,2
AaronMBrown,2
amire80,2
AndHell,2
fehnomenal,2
irv,2
pR0Ps,2
DorianScholz,2
fwalch,2
heartsucker,2
Jabro,2
wickedshimmy,2
clarkfitzg,2
mistermatze,2
SergeStinckwich,2
kcshane,2
srayuws,2
ggcrunchy,2
sru,2
suzannehamilton,2
sbagdat,2
Sufflavus,2
wchiquito,2
0532,2
viperfx,2
tcort,2
vjpandian,2
tacmachado,2
tinabme,2
zhongjiajie,2
elrrrrrrr,2
chronick,2
oscarmcm,2
DrDub,2
pablogrisafi1975,2
PatGuan,2
paulcarroty,2
paf31,2
piotrl,2
eurafa,2
rwieruch,2
ruchee,2
imyaman,2
sanpii,2
sarithats,2
ScottL,2
Semyonic,2
yssmcl,2
hangaebal,2
yunkaiyueming,2
jboverfelt,2
jvgbughao,2
mankal111,2
martinvd,2
mehmetdik,2
yazd,2
mousebaiker,2
ug0,2
nextzhou,2
psyomn,2
sigsevneo,2
swchoi727,2
tusharsappal,2
vasu-m,2
tombiju,2
zawieja,2
vikas-parashar,2
vishalsodani,2
yutaono,2
Yohanna,2
jinnaiyuu,2
callmehyde,2
acusp,2
aneasystone,2
bbuyukguzel,2
bharadwaj6,2
bharath-123,2
bluemandora,2
chan18,2
chuanjin,2
dannguyen,2
diekmann,2
cdelahousse,2
crismanNoble,2
CucumisSativus,2
scraggo,2
itsmed,2
egaoneko,2
douglasgusson,2
vaihtovirta,2
emre-yilmaz,2
Erendis42,2
esavard,2
EvanMisshula,2
faustinoloeza,2
FedericoPonzi,2
fgaray,2
phodal,2
ferhtaydn,2
francisbergin,2
fager,2
malnuxstarck,2
adililhan,2
matematikaadit,2
aalhour,2
akshaymohite,2
mistryalok,2
pastcompute,2
scemama,2
milesibastos,2
arikrak,2
tk120404,2
arvind-iyer,2
bilalcorbacioglu,2
TechplexEngineer,2
brunodevel,2
bryanbraun,2
celsoendo,2
Chakaitos,2
Tafkas,2
JNajera,2
bit4bit,2
judasn,2
kimsk,2
mindaslab,2
ekeitho,2
krzysztofr,2
kyle-hall,2
hom3mad3,2
ellerbrock,2
manaskarekar,2
markijbema,2
markknol,2
miku,2
minimalprocedure,2
matttbe,2
therufa,2
ValeWasTaken,2
michaelsbradleyjr,2
gabrielboliveira,2
DreamToCode,2
gernd,2
TrueGrom,2
kowalsg0,2
Hamdiakoguz,2
harishanchu,2
HungMingWu,2
intracer,2
iggy14750,2
r1f,2
jlobos,2
jsyeo,2
jrmadsen67,2
jtwebman,2
jarcane,2
johnaoss,2
JonHMChan,2
atomaths,2
thomie,2
Seelengrab,2
Roger-luo,2
mossr,2
rkurchin,2
palday,2
kalaidin,2
xukai92,2
gliuzzi,2
vapidbabble,2
olavmars,2
imgbot[bot],2
Ivo-Balbaert,2
el-oso,2
dinarior,2
cambbs,2
azurefx,2
anderson15,2
alecloudenback,2
WenjieZ,2
zakora,2
Omar-Elrefaei,2
felixcremer,2
Lanzaa,2
chriselrod,2
bkmgit,2
aurelio-amerio,2
StarTrooper08,2
ashwintitus14,2
aerdely,2
lagefreitas,2
apjanke,2
thazhemadam,2
Alexander-N,2
milankl,2
parammittal16,2
mdmaas,2
MartinOtter,2
kalmarek,2
luraess,2
rgbkrk,2
kylecarbon,2
kimlaberinto,2
Moelf,2
jasonnicholson,2
Dawny33,2
hdrake,2
ven-k,2
devmotion,2
gaelforget,2
ajfisch,2
drewgendreau,2
ccphillippi,2
kescobo,2
likanzhan,2
v-i-s-h,2
Kunz-David,2
fkastner,2
laborg,2
JeffFessler,2
xgdgsc,2
sjvollmer,2
oleskiewicz,2
davidbp,2
codles,1
bnewbold,1
geekyi,1
lobingera,1
MarcusE1W,1
marnovo,1
claesenm,1
Magellanea,1
maitbayev,1
MB-Shihab-Aaqil-Ahamed,1
lutzroeder,1
lmmentel,1
lukasmasuch,1
lukapopijac,1
e9t,1
lantiga,1
luccastera,1
lmmx,1
mosdeo,1
mertbozkir,1
themanoftalent,1
maziyarpanahi,1
mbad0la,1
MaximRouiller,1
MaxBareiss,1
maxpumperla,1
kmax12,1
mjspeck,1
matryer,1
mtroiani,1
mooijtech,1
markusschanta,1
mloning,1
mhamilton723,1
markselby9,1
mariansam,1
margaretmz,1
jbarrow,1
jvanhees,1
joonashak,1
shobrook,1
dijonkitchen,1
jonhkr,1
Styrke,1
jzwinck,1
jdchoi77,1
jianjunjiang,1
jmelot,1
jpzk,1
jeffreyjackson,1
jvk75,1
jwilber,1
espeed,1
AtheMathmo,1
davidgasquez,1
lebedov,1
rleonid,1
elgalu,1
law27,1
lanre-ade,1
Kalvar,1
ojasaar,1
killian31,1
alik604,1
KevinCoble,1
kennysong,1
likedan,1
kashyap32,1
kacperlukawski,1
TAndronicus,1
JStumpp,1
bayerj,1
jungtaekkim,1
SairajSawant288,1
rxin,1
rewonc,1
reiinakano,1
ReadmeCritic,1
rmitsch,1
RAbraham,1
qifengzhou,1
preslavrachev,1
Prasanthpadp,1
pranavsekhar,1
prakhar1989,1
pradhuman131,1
opoirion,1
piotrek124-1,1
pplonski,1
PPACI,1
philtrade,1
tdhd,1
igorsafo,1
ryanjulian,1
ryanxjhan,1
rcurtin,1
rlnx,1
rossng,1
TezRomacH,1
ygivenx,1
rodrigo-arenas,1
RockfordWei,1
robinthibaut,1
robertleeplummerjr,1
roban,1
rizo,1
rishirdua,1
rlan,1
richizo,1
NicolasHug,1
nicohlr,1
Nickil21,1
astrotars,1
narner,1
nbrochu,1
inejc,1
neilconway,1
nate-mar,1
x-tabdeveloping,1
maujim,1
matifali,1
mubaris,1
miguelgfierro,1
maasencioh,1
truell20,1
webmaven,1
orokusaki,1
pmuens,1
hanslovsky,1
ph1ps,1
postrou,1
pharsfalvi,1
misrapk,1
pared,1
PawNep,1
pbarker,1
ozancaglayan,1
theowenyoung,1
knizkar,1
omimo,1
desilinguist,1
nishnash54,1
nicl-nno,1
npatta01,1
nidhaloff,1
brandon-o,1
bobvanluijt,1
hoxmark,1
aymericdamien,1
Axelblaze00,1
hindupuravinash,1
kgryte,1
arthurpaulino,1
Arpit-Khandelwal,1
aron-bordin,1
arxxv,1
akondas,1
Tarrasch,1
RoyC2,1
AntoniosFl,1
antoniodeluca,1
ddbourgin,1
darigovresearch,1
dan-blanchard,1
cesarsouza,1
crizCraig,1
collinhundley,1
chrisnicholls,1
chris-nemeth,1
chrismattmann,1
chiehtu,1
cmenguy,1
CESARDELATORRE,1
behrica,1
carl24k,1
cvphelps,1
CaioCavalcanti,1
bbbbbrie,1
creafz,1
AlexNisnevich,1
EmergentOrder,1
alenegro81,1
alessandro-gentilini,1
AlekseySh,1
alejandro-isaza,1
alankbi,1
amalaqd,1
akashp1712,1
ajdapretnar,1
ajayjain,1
ahmedbesbes,1
adrienball,1
AdityaSanyal1996,1
aditisrinivas97,1
AdilVirani,1
abhi18av,1
atmb4u,1
anishathalye,1
anandimous,1
radarhere,1
andrewdalpino,1
apaleyes,1
atontini,1
boechat107,1
shahmoradi,1
AlphaHot,1
Allysh0w,1
aghasemi,1
aliabd,1
alexandrendb,1
alx,1
asavinov,1
bayandin,1
hamilyon,1
james-tindal,1
eric-haibin-lin,1
melisgl,1
oroszgy,1
guysmoilov,1
biphasic,1
SwordKnight6216,1
gianlucabertani,1
gsvigruha,1
gegose,1
gsakkis,1
gragtah,1
GarvTambi,1
GantMan,1
gabrielmayers,1
cmd-ntrf,1
Hoff97,1
fredwu,1
mailletf,1
jakubgarfield,1
jaime-cespedes-sisniega,1
jacopofar,1
jmschrei,1
jacobmontiel,1
jbenjos,1
JBaba,1
italojs,1
ilkerkesen,1
IgorSusmelj,1
igo,1
igorbonadio,1
whoshuu,1
hazimehh,1
HHK1,1
suranah,1
hargup,1
morenoh149,1
donnemartin,1
Mottl,1
wldhx,1
DivyanshAgrawal22,1
rapportyou,1
giacomelli,1
dA505819,1
mixeden,1
deepakkumar1984,1
LancelotHolmes,1
dvro,1
davisking,1
dashaub,1
dav009,1
dndungu,1
davidmezzetti,1
davidlowjw,1
florianbussmann,1
FionnD,1
molcik,1
Ret2Me,1
faustinoaq,1
farookibrahim,1
fabboe,1
halfdan,1
fabprezja,1
Lazin,1
EthanMacDonald,1
neurosnap,1
eoinhurrell,1
elleobrien,1
eitoball,1
EdwardRaff,1
spmedia,1
donnyyou,1
benmaier,1
bartolsthoorn,1
aplund,1
augustinyiptong,1
artnez,1
arlolra,1
agoddard,1
levskaya,1
0x47,1
bsilbaugh,1
benyang,1
BenoitKnecht,1
BobPortmann,1
BrandonEdwards,1
bcj,1
2Cubed,1
AaronWilhelm,1
adrianlzt,1
axsk,1
alexmorley,1
apleonhardt,1
akc,1
afniedermayer,1
abieler,1
scheidan,1
atlytle,1
ajtulloch,1
annimesh2809,1
satanja,1
mdpradeep,1
MatFi,1
Marcono1234,1
abread,1
adambrewster,1
non-Jedi,1
PeterBell,1
marius311,1
evetion,1
jbisits,1
liamdiprose,1
Mikumikunisiteageru,1
virgile-baudrot,1
bobjansen,1
holatuwol,1
garciparedes,1
boltomli,1
dswah,1
Ethan-Russell,1
alemelis,1
maxmouchet,1
OliverColeman,1
qinwf,1
aquatiko,1
sp94,1
akaysh,1
amitjamadagni,1
getong,1
jamesrhester,1
neomatrixcode,1
pmargreff,1
traktofon,1
yangguang760,1
bunder,1
DocSavage,1
bitdeli-chef,1
CNelias,1
zgornel,1
dellison,1
00vareladavid,1
bvdmitri,1
berquist,1
gervasiocaj,1
jayvn,1
TestSubjector,1
marekpetrik,1
arfon,1
2Bfanboy,1
bergel,1
breengles,1
alexispurslane,1
Eben60,1
jeroenvanrensen,1
jspeed-meyers,1
maxim-levy,1
Yu-jinKim,1
tomerarnon,1
Titzi90,1
Ruediger-Braun,1
dkout,1
sebkur,1
blinry,1
Shenkaa,1
siloportem,1
shilch,1
svramusi,1
thejeshgn,1
tserong,1
tecknicaltom,1
WhiteHatTux,1
Pingmin,1
santa4nt,1
rkoesters,1
richo,1
Quollified,1
0xPoly,1
plafer,1
psm14,1
Owen66,1
ogasser,1
northwestbased,1
nikolai-r,1
nh2,1
nthomsn,1
oezgueremir,1
zipperle,1
zaprice,1
xrazvan,1
v-po,1
volcano99,1
hfjooste,1
eschaefer,1
theroflcoptr,1
scienmind,1
rafael81,1
nnn-gif,1
mimi89999,1
martinstingl,1
marcos-cezar,1
liliakai,1
quicksortslowsort,1
jcs,1
jgravois,1
jhertel,1
guiweber,1
greenjoe,1
clashman,1
cketti,1
cmock,1
morrica,1
danbartram,1
Oishikatta,1
corbins,1
csnover,1
Clam-,1
cjuner,1
christianbundy,1
chrisglass,1
charlesmunger,1
cbvi,1
cem-,1
brinlyau,1
bsaint9,1
breser,1
bbodenmiller,1
bkchr,1
Bastelbursche,1
andyst,1
andy11,1
angryoctet,1
gaul,1
hankarun,1
alimakki,1
iadmir,1
maqnouch,1
jollheef,1
mgbennett,1
xmatthias,1
d7415,1
gulp21,1
smarek,1
Ofenhed,1
mangei,1
lxgr,1
wlritchi,1
leonardehrenfried,1
jtracey,1
jonathanfung,1
jonathancross,1
jonboulle,1
JonasVautherin,1
shenki,1
jodson,1
jmontane,1
hdodenhof,1
eighthave,1
cooksey,1
offby1,1
DustinLim,1
adhintz,1
darrenfoong,1
AliMalik9599,1
arhik,1
SyxP,1
spaette,1
avevlad,1
aviaryan,1
jidesakin,1
bpesquet,1
basarat,1
BayMinimum,1
BenSandeen,1
bewuethr,1
berviantoleo,1
arslanbilal,1
Xelom,1
Leandros,1
ArunMichaelDsouza,1
ArturSkowronski,1
arthurvr,1
arnorb,1
ardianta,1
aramisf,1
cestith,1
cmuller,1
cuschk,1
ChrisCinelli,1
cshenoy,1
CharonChui,1
Carlangueitor,1
charlestian,1
carlosleopoldo,1
cambeaudoin,1
callowaysutton,1
caio-ribeiro-pereira,1
bryanluby,1
BryanSLam,1
briangordon,1
hackbac,1
bguiz,1
brendanbenson,1
bismarckjunior,1
alejolp,1
alejandrorojmu,1
aloon,1
archersmind,1
Akshar-Patel,1
akritithakur,1
PseudoAj,1
aidanf,1
anayrat,1
rodacato,1
aigualada,1
Adejair,1
sapek,1
alaycock,1
voltagex,1
kurenn,1
Abbath,1
aaronhoffman,1
theJian,1
anthonymonori,1
kulkarniankita,1
aterrel,1
andreandyp,1
nomicos,1
andrewvc,1
Andrea,1
atrosinenko,1
AmmarAliShah,1
theamith,1
amituttam,1
amitdev,1
AllenDowney,1
alibabajan,1
seralf,1
alfonso-cabrera,1
ztsu,1
alexcosmin,1
alexjj,1
perryprog,1
palango,1
Pangoraw,1
pbayer,1
moretti,1
pambus,1
pablolotito,1
OscarNeciosup,1
oscardssmith,1
pfcgit,1
paTait,1
PeterRichtarik,1
pkalikman,1
pszufe,1
qng95,1
rahulkp220,1
iamrajiv,1
rschwarz,1
prosoitos,1
markhend,1
MasonProtter,1
mattBrzezinski,1
MattWillFlood,1
mroughan,1
mauriciotejada,1
melvin0008,1
mehalter,1
mgiugliano,1
korenmiklos,1
mohdsanadzakirizvi,1
monsij,1
yewalenikhil65,1
Wikunia,1
bovine3dom,1
olleolleolle,1
sje30,1
freeboson,1
digital-carver,1
tamasgal,1
taingra,1
tomtrogdon,1
TPieciak,1
twavv,1
tridao,1
tyleransom,1
ufechner7,1
VaclavMacha,1
valentin-martinez-gama,1
01-vyom,1
XieConnect,1
rocarvaj,1
RohitRathore1,1
rdbrackston,1
sgjanssens,1
sam0410,1
americast,1
scoopxyz,1
sidgupta234,1
trebst,1
SohamTamba,1
SquidSinker,1
sbomsdorf,1
chrisvoncsefalvay,1
christi3k,1
cmcaine,1
SimonEnsemble,1
dalexander,1
DavidPozo,1
dact221,1
domholenstein,1
domluna,1
macd,1
ErikQQY,1
jarlebring,1
emmaccode,1
enricoschumann,1
AdarshKumar712,1
englhardt,1
albertopessia,1
AlexisRenchon,1
abraunst,1
amir-ni,1
bagdanov,1
anoojpatel,1
barpit20,1
AtsushiSakai,1
avik-pal,1
fusion809,1
brunal,1
brenhinkeller,1
cherichy,1
ordovician,1
jdossgollin,1
jdeldre,1
anaveragehuman,1
jmejia8,1
johnfgibson,1
semmottos,1
kabaluyot,1
tisztamo,1
krynju,1
krysros,1
lmiq,1
LilithHafner,1
moustachio-belvedere,1
lbenet,1
lpuettmann,1
GarciaPL,1
Pipboyguy,1
heiderich,1
MartinuzziFrancesco,1
frankschae,1
mecanogrh,1
killah-t-cell,1
gvdr,1
apieum,1
Ossifragus,1
hycakir,1
nassarhuda,1
ianatol,1
jpnski,1
fossabot,1
adamlabadorf,1
nfoti,1
phillc73,1
fiatflux,1
gdkrmr,1
ssirai,1
statuser,1
bpeirce,1
bencherian,1
ccsv,1
cgoldammer,1
emilbayes,1
eccmsilva,1
fspaolo,1
biogeo,1
jaredly,1
Saransh-cpp,1
simeonschaub,1
BeastyBlacksmith,1
sivark,1
stephenbnicar,1
timueh,1
remi-garcia,1
Pankaj-Baranwal,1
timziebart,1
t-bltg,1
strickek,1
st--,1
ryanelandt,1
jmert,1
jaakkor2,1
ianqsong,1
cserteGT3,1
notZaki,1
weijianzhang,1
vlandau,1
kalvotom,1
tkluck,1
huckl3b3rry87,1
glwhart,1
Hydrotoast,1
epatters,1
cstook,1
chrisbrahms,1
AsafManela,1
aminya,1
migarstka,1
jebej,1
ahojukka5,1
kanji709,1
mostol,1
Ianlmgoddard,1
nilshg,1
roberthoenig,1
takuti,1
i-aki-y,1
ashryaagr,1
joclement,1
lhnguyen-vn,1
pat-alt,1
pshashk,1
mjsmith037,1
Kryohi,1
evelinag,1
dsweber2,1
Sh4pe,1
drcxcruz,1
bsdrks,1
andrew-saydjari,1
natema,1
